id,tex_label,particle,energy_kev,electric_field_v_cm,concentration,pressure_bar,unit,value_arcf4_norm,stat_minus_arcf4_norm,stat_plus_arcf4_norm,syst_minus_arcf4_norm,syst_plus_arcf4_norm,total_minus_arcf4_norm,total_plus_arcf4_norm,value_arn2_norm,stat_minus_arn2_norm,stat_plus_arn2_norm,syst_minus_arn2_norm,syst_plus_arn2_norm,total_minus_arn2_norm,total_plus_arn2_norm
N2_pure_xray_12keV,X-ray 12 keV,xray,12.0,0.0,1.0,1.0,ph/MeV,251.6031254626902,72.27329817098672,101.40079863980586,2.664187304706616,2.6926998951718986,72.3223860399179,101.43654468442776,103.07814044702356,29.609318905473216,41.54243213160805,1.0914787829710375,1.1031599765137798,29.62942949129614,41.55707676609416
N2_pure_electron_1p5MeV_0Vcm,"$e^-\,1.5\,\mathrm{MeV}$, 0.0 V/cm",electron,1500.0,0.0,1.0,1.0,ph/MeV,252.0435860270248,72.39982099394524,101.57831254354116,2.6688512747647906,2.6974137798392803,72.4489947969061,101.61412116577596,103.25859073287896,29.661153465519675,41.61515699568464,1.0933895436573948,1.1050911864894175,29.681299257264484,41.62982726730844
N2_pure_electron_1p5MeV_50Vcm,"$e^-\,1.5\,\mathrm{MeV}$, 50.0 V/cm",electron,1500.0,50.0,1.0,1.0,ph/MeV,250.3446585203272,71.91180203934499,100.8936127581412,2.650861589276502,2.679231565644756,71.96064438087977,100.92918000842025,102.56256484757792,29.461219199001377,41.334645453891525,1.0860194312076743,1.0976421978294582,29.48122919582167,41.34921683893628
