name,value
Nnorm,0.005221321277205126
P_CF3_vis_dir,0.11243349003347086
P_Ar_dbleStar,0.24699451186454272
K_Ar_dbleStar_Q_Ar,244.673181465848
K_Ar_dbleStar_Q_CF4,9999.930004502321
inv_tau_dis_K_relax,0.008007552068820041
tau_uv_K_CF4_Q_CF4,0.065
P_CF4_dir,0.18375511035275024
K_Ar3rd_Q_CF4,50.05
P_Ar3rd,0.40945832521642594
P_CF3_uv_dir,3.1361047270546696e-33
