toy_id,PAr_star_696,tau_CF4_696,K_Ar_Q_Ar_696,K_Ar_Q_CF4_696,PAr_star_727,tau_CF4_727,K_Ar_Q_Ar_727,K_Ar_Q_CF4_727,PAr_star_750,tau_CF4_750,K_Ar_Q_Ar_750,K_Ar_Q_CF4_750,PAr_star_764,tau_CF4_764,K_Ar_Q_Ar_764,K_Ar_Q_CF4_764,PAr_star_772,tau_CF4_772,K_Ar_Q_Ar_772,K_Ar_Q_CF4_772
0,0.0001986571297016075,28.3,0.01969656074519367,8.188576628950035,2.0842950713489262e-05,28.3,0.0233165915342366,2.196044888366637e-41,0.00043809206880270784,21.7,0.2710934668172152,1.0297777274534914,0.00016542577566282018,29.4,0.01841129914021482,1.3436184168859073,0.0001905740008916232,28.3,1.7446419117571119e-13,9.043885479264722
1,0.005221285546725431,28.3,1.1322105513556542,200.25840384578498,1.4440544843625195e-05,28.3,0.007965159285338834,5.51668010084172e-54,0.005221285564215399,21.7,3.78060235365939,14.777532692978427,0.00048452620785345373,29.4,0.07632009313162037,4.414321201970274,0.005221285564215399,28.3,0.5955164209493486,233.17699609575
2,0.005221285562733991,28.3,1.184675742411609,203.9756084250378,1.55364467241494e-05,28.3,0.0126811194772675,1.2058401353386811e-33,0.005221285564215399,21.7,2.9046298951908307,21.807171993720228,0.0003130025063137492,29.4,0.03927301907660405,2.8019507002414348,0.0009742556589993729,28.3,7.364185421357559e-28,50.110374402726315
3,4.514505309256431e-05,28.3,0.007477013052031607,0.8596248360485804,1.2124406606890648e-05,28.3,0.009316534484295895,3.451591256095666e-139,0.0004031747377421619,21.7,0.23366563987334155,1.0877393101749488,0.005221285564215399,29.4,0.7166052613415292,58.48823159523124,0.005221285564215399,28.3,0.3882291407802939,240.99312274697522
4,9.104755715595757e-05,28.3,0.038251671034877054,1.7886080983121946,1.3884548424468635e-05,28.3,0.0010513513526809654,0.060468805229521874,0.005221285564215399,21.7,4.455997031477683,8.662608982922947,0.005221285564215399,29.4,1.2178955787909214,43.50275353498726,0.0001663861805244351,28.3,1.2679312310282215e-75,7.717241492401302
