toy_id,PAr_star_696,tau_CF4_696,K_Ar_Q_Ar_696,K_Ar_Q_CF4_696,PAr_star_727,tau_CF4_727,K_Ar_Q_Ar_727,K_Ar_Q_CF4_727,PAr_star_750,tau_CF4_750,K_Ar_Q_Ar_750,K_Ar_Q_CF4_750,PAr_star_764,tau_CF4_764,K_Ar_Q_Ar_764,K_Ar_Q_CF4_764,PAr_star_772,tau_CF4_772,K_Ar_Q_Ar_772,K_Ar_Q_CF4_772
0,7.551886882187281e-05,28.3,0.01119469995219563,2.00160216718542,1.0066428176976627e-05,28.3,0.003987831065467637,1.9197366143560822e-10,0.019999999999999997,21.7,12.152276595962736,90.637372428762,0.019999999999999997,29.4,2.8861168036593,183.51878529773836,0.019999999999999997,28.3,2.535183006441495,530.481134467773
1,7.032908985013843e-05,28.3,0.011352515644648632,2.044846500067921,1.4661487562968998e-05,28.3,0.0032999429810426128,2.9340582453204344e-21,0.019999999999904088,21.7,14.223490249086451,106.37589321569358,0.019999999997909235,29.4,3.8818953309917648,247.0212195777064,0.019999999999999997,28.3,2.319286912946502,485.4114035561233
2,8.387441587449389e-05,28.3,0.010992830390027413,1.9465781886409639,1.3294499406585347e-05,28.3,0.0034471509602755383,2.953324512879947e-24,0.019999999999999997,21.7,12.323904852305125,91.9384065930361,0.019999999999999997,29.4,3.5986911690239802,228.9331073762411,0.019999999999999848,28.3,3.208060644185465,671.1888233697352
3,8.77699897608492e-05,28.3,0.010913122120005834,1.92519246201414,1.2400985086565572e-05,28.3,0.0035638563409472693,1.0760468399765008e-34,0.019999999999999997,21.7,16.133544138207235,120.9626349237234,0.019999999999999997,29.4,3.346800723347453,212.86353363765488,0.019999999999999997,28.3,3.663181678553751,766.5670794933089
4,6.639000740818688e-05,28.3,0.01148907291461282,2.083110758474071,1.1662306524785102e-05,28.3,0.003676290745611767,3.7331415887245377e-35,0.019999999999999997,21.7,12.290059585183112,91.68179562225387,0.019999999999999997,29.4,3.481552723932824,221.45799130040652,0.019999999999999997,28.3,3.3646982225935975,703.9960959596127
