toy_id,PAr_star_696,tau_CF4_696,K_Ar_Q_Ar_696,K_Ar_Q_CF4_696,PAr_star_727,tau_CF4_727,K_Ar_Q_Ar_727,K_Ar_Q_CF4_727,PAr_star_750,tau_CF4_750,K_Ar_Q_Ar_750,K_Ar_Q_CF4_750,PAr_star_764,tau_CF4_764,K_Ar_Q_Ar_764,K_Ar_Q_CF4_764,PAr_star_772,tau_CF4_772,K_Ar_Q_Ar_772,K_Ar_Q_CF4_772
0,0.00035193713164620536,28.3,0.008261518020697054,0.8143305123173976,0.019999999999996514,28.3,91.66947596856528,1.5882632013462423e-23,0.01999999999999961,21.7,2.2256540131342053,17.694274321336888,0.019999999999999997,29.4,0.4498491135568985,38.7179455765308,0.019999999998132335,28.3,0.33707826009966524,81.54164212748901
