toy_id,PAr_star_696,tau_CF4_696,K_Ar_Q_Ar_696,K_Ar_Q_CF4_696,PAr_star_727,tau_CF4_727,K_Ar_Q_Ar_727,K_Ar_Q_CF4_727,PAr_star_750,tau_CF4_750,K_Ar_Q_Ar_750,K_Ar_Q_CF4_750,PAr_star_764,tau_CF4_764,K_Ar_Q_Ar_764,K_Ar_Q_CF4_764,PAr_star_772,tau_CF4_772,K_Ar_Q_Ar_772,K_Ar_Q_CF4_772
0,0.00020667053717346703,28.3,0.0298559297826089,5.938324530273034,2.0620393920104766e-05,28.3,0.015336896836988707,1.7791838299361818e-20,0.005221285564215392,21.7,3.426202693974547,13.78220613623852,0.005221285564145979,29.4,1.1229006141645228,49.98943669296004,0.0015082008761811631,28.3,0.11037092665021397,72.48033717475076
1,0.0001617882356059801,28.3,0.03058178252745469,6.219247933912721,1.7965668157949306e-05,28.3,0.01529737652293726,9.691283045954502e-25,0.005221285564215399,21.7,3.4167445107410694,13.743644275656816,0.005221285564215081,29.4,1.0859271233603007,48.351841013362204,0.0014376619334725601,28.3,0.11025614092099413,72.49886752278
2,0.00017190929789128037,28.3,0.030382526527032966,6.140998905649637,2.2841284371290906e-05,28.3,0.01536300229808473,1.29441897927765e-20,0.00522128556249869,21.7,3.957076353969801,15.94945307064931,0.005221285558864053,29.4,1.2123008184016233,53.95224632204085,0.0020874434193842986,28.3,0.11102013918331159,72.37445064844219
3,0.00018524394657873743,28.3,0.030152332903337582,6.052181692397754,1.536518107751398e-05,28.3,0.015245702571730772,5.85965783786057e-18,0.005221285564215399,21.7,3.378240608745992,13.586683475101276,0.005221285564215399,29.4,0.8980226646948606,40.041102095770405,0.0019096808506364625,28.3,0.1108645979886679,72.40116021307128
4,0.0002166438159427593,28.3,0.02973676870957735,5.89344517741353,1.9167596443959805e-05,28.3,0.015316602522105883,7.965742546482827e-30,0.005221285563945674,21.7,4.490925598536068,18.134592495288107,0.005221285564215399,29.4,1.0433970948619564,46.46908618769691,0.001319882854021636,28.3,0.11003951812713555,72.53515222807843
