toy_id,PAr_star_696,tau_CF4_696,K_Ar_Q_Ar_696,K_Ar_Q_CF4_696,PAr_star_727,tau_CF4_727,K_Ar_Q_Ar_727,K_Ar_Q_CF4_727,PAr_star_750,tau_CF4_750,K_Ar_Q_Ar_750,K_Ar_Q_CF4_750,PAr_star_764,tau_CF4_764,K_Ar_Q_Ar_764,K_Ar_Q_CF4_764,PAr_star_772,tau_CF4_772,K_Ar_Q_Ar_772,K_Ar_Q_CF4_772
0,7.334053574619339e-05,28.3,0.011266109206078272,2.0208861829720366,1.209603007452154e-05,28.3,0.003701871752473225,9.999999999374024e-11,0.01999999895251077,21.7,13.389607753493992,100.02960437246452,0.019999999878808513,29.4,3.402228775595696,216.39812113869598,0.019999999900000003,28.3,3.2049197199948325,670.531182199314
1,8.178732038036646e-05,28.3,0.019546508141852038,2.114733277019767,1.0613781694282185e-05,28.3,1.1763053463115152e-13,0.01855411104322671,0.019999999999840194,21.7,14.350807982993905,72.71872382666781,0.019999999999999997,29.4,3.1038443706986936,219.25307171783822,0.019999999999999997,28.3,2.618337629884509,705.5204261555953
2,0.00012317355434778544,28.3,0.034133384427523436,3.436253101163796,1.2400752134786691e-05,28.3,0.005495272538645404,7.577280302760892e-42,0.0005992665563779077,21.7,0.35395123526307726,2.920634715128734,0.0008188129607201978,29.4,0.14741110919297706,7.924638508333157,0.019999999999999997,28.3,2.9657317887528922,690.4045949057777
3,4.271005137212821e-05,28.3,0.0040947540220395715,0.9465036158039644,1.0445902329750402e-05,28.3,0.0006998836139265834,0.020789700168133335,0.019999999999999997,21.7,12.948901818938536,84.94564240510994,0.019999999999999997,29.4,3.4600011791045864,217.23779059230793,0.019999999999999997,28.3,3.0768799167825316,682.9648694433748
4,3.596588700387983e-05,28.3,0.0015486903548797713,0.7631535726501031,1.324826847229145e-05,28.3,0.009613585598391226,4.564770474004995e-77,0.019999999999999997,21.7,13.657647243796212,88.45686955843011,0.019999999999999997,29.4,2.800505949739055,251.42241959238663,0.019999999999999997,28.3,2.5340980805915487,729.0771993913214
