toy_id,PAr_star_696,tau_CF4_696,K_Ar_Q_Ar_696,K_Ar_Q_CF4_696,PAr_star_727,tau_CF4_727,K_Ar_Q_Ar_727,K_Ar_Q_CF4_727,PAr_star_750,tau_CF4_750,K_Ar_Q_Ar_750,K_Ar_Q_CF4_750,PAr_star_764,tau_CF4_764,K_Ar_Q_Ar_764,K_Ar_Q_CF4_764,PAr_star_772,tau_CF4_772,K_Ar_Q_Ar_772,K_Ar_Q_CF4_772
0,0.00033321898238761774,28.3,0.007819202638321478,0.7671591125185565,0.01999999819565978,28.3,99.7198348349183,1.4499074666012768e-24,0.019999999999999997,21.7,2.2589908616922014,15.475416808606834,0.019999999999999997,29.4,0.4460958999718805,34.914930590824106,0.01999999999124347,28.3,0.34358333174053496,83.53228182843942
