toy_id,PAr_star_696,tau_N2_696,K_Ar_Q_Ar_696,K_Ar_Q_N2_696,PAr_star_727,tau_N2_727,K_Ar_Q_Ar_727,K_Ar_Q_N2_727,PAr_star_750,tau_N2_750,K_Ar_Q_Ar_750,K_Ar_Q_N2_750,PAr_star_764,tau_N2_764,K_Ar_Q_Ar_764,K_Ar_Q_N2_764,PAr_star_772,tau_N2_772,K_Ar_Q_Ar_772,K_Ar_Q_N2_772
0,0.00020656765769845473,28.3,0.01906017094495029,0.6204744111185633,6.694807651267317e-05,28.3,0.022465686516907748,2.0005489007528965,0.005221285564215399,21.7,3.3202692672336367,2.7015274613146905,0.000962130298866965,29.4,0.10486193629712255,2.284984765101776,0.0006525866523187335,28.3,0.02975828922860377,1.4429342505586866
1,0.0001862897704094487,28.3,0.019065816454784012,0.6206708595068161,6.388022558852706e-05,28.3,0.022481154890927727,2.003796876761039,0.005221285562981172,21.7,4.128828530007192,3.3995690215767365,0.000749058347582758,29.4,0.10698912909112279,2.3169005364279913,0.0007136864093012241,28.3,0.02978150354949349,1.4420714615084116
2,0.00020283081343012651,28.3,0.01906113925287478,0.6205083894794826,6.035154465144929e-05,28.3,0.022518530872470386,2.0083682851703655,0.005221285564215399,21.7,3.4922621229585746,2.8490699508051502,0.0007923935269648674,29.4,0.10645033828258246,2.3088171586713457,0.0005473458948377971,28.3,0.02970663785387713,1.4448792210367052
3,0.00022691093233613045,28.3,0.019055262885518093,0.6202985158697442,9.055621574987048e-05,28.3,0.02238065574807703,1.9830644777834803,0.005221285560075103,21.7,4.107637875118759,3.3803808485476994,0.000984695427502874,29.4,0.10469662158545097,2.2825058803965854,0.0006224770286140695,28.3,0.02974519668704561,1.4434219955088816
4,0.00019212656693079269,28.3,0.019064035826890126,0.6206081775729474,6.323990852520263e-05,28.3,0.02249590732868754,2.004781708175859,0.005221285564215356,21.7,4.147961771272159,3.4165561554716546,0.0007671426529238785,29.4,0.10675593206863607,2.3134045917870956,0.0005691461814447697,28.3,0.029718532015848533,1.4444108559284767
