toy_id,PAr_star_696,tau_N2_696,K_Ar_Q_Ar_696,K_Ar_Q_N2_696,PAr_star_727,tau_N2_727,K_Ar_Q_Ar_727,K_Ar_Q_N2_727,PAr_star_750,tau_N2_750,K_Ar_Q_Ar_750,K_Ar_Q_N2_750,PAr_star_764,tau_N2_764,K_Ar_Q_Ar_764,K_Ar_Q_N2_764,PAr_star_772,tau_N2_772,K_Ar_Q_Ar_772,K_Ar_Q_N2_772
0,0.00016252713716072547,28.3,0.013319246751314035,0.5230077221962727,5.0881952025073985e-05,28.3,0.007580523843695841,1.3422060657104034,0.005221285564215399,21.7,3.3947650536901843,2.808939598086561,0.0012246468173394377,29.4,0.16477317518367998,3.0973005942208074,0.0007845228684475481,28.3,0.049530066565183016,1.790655640746056
1,0.0002234337687343308,28.3,0.022482527515103278,0.7653744126548094,8.501082770688287e-05,28.3,0.021974782759466384,2.2396515184955916,0.005221285564215399,21.7,3.5679226257055667,2.074727522196925,0.0005082211867278158,29.4,0.06220494983888408,1.2581618050148768,0.00044889601263352737,28.3,0.013414772661515894,1.0219247793439687
2,0.00012555112384020153,28.3,0.006333299030268368,0.36639626325660196,0.00010237943988156279,28.3,0.04124178221099349,2.724838319139822,0.005221285564215399,21.7,3.5731318100060703,1.8149112178520914,0.0007094368596216947,29.4,0.07312806616697239,1.8851323041186674,0.0005709274410642259,28.3,0.02686293132177003,1.255029450129099
3,0.00015133576127293504,28.3,0.012176402782885995,0.42373162148624405,0.0002905547380445379,28.3,0.16300604023059348,7.725970402256291,0.005221285564215399,21.7,3.6699949169084105,1.5655908711437752,0.004314075643640181,29.4,0.5811556775816678,11.542092577334763,0.000961008969466919,28.3,0.05084329784320073,2.321931217654604
4,0.00016109171725530686,28.3,0.009895987245077204,0.5387626771803945,3.8315484361465244e-05,28.3,0.004315490264548589,1.0063846322000622,0.005221285564215399,21.7,3.2950850095457445,3.6430401027902333,0.005221285472853982,29.4,0.805400217289129,13.275924944865425,0.0003739621150722669,28.3,0.012723792658175826,0.8453229734877823
