toy_id,PAr_star_696,tau_N2_696,K_Ar_Q_Ar_696,K_Ar_Q_N2_696,PAr_star_727,tau_N2_727,K_Ar_Q_Ar_727,K_Ar_Q_N2_727,PAr_star_750,tau_N2_750,K_Ar_Q_Ar_750,K_Ar_Q_N2_750,PAr_star_764,tau_N2_764,K_Ar_Q_Ar_764,K_Ar_Q_N2_764,PAr_star_772,tau_N2_772,K_Ar_Q_Ar_772,K_Ar_Q_N2_772
0,0.0003475122247385354,28.3,0.03442014326984586,1.3370866748372987,0.0001461550537163506,28.3,0.05812533903602166,3.8400903728882065,0.019999999999999997,21.7,12.258375504519826,12.757988628362956,0.000161744579413187,29.4,0.022589221951312785,0.3380342737454227,0.0005369393527586327,28.3,0.009180485871986903,1.3649896790350373
1,0.0005173173484344631,28.3,0.03493248862462035,2.4121240398997674,2.0038908751972182e-05,28.3,2.8559576068701415e-19,0.4725440294997857,0.019999999999994533,21.7,8.166209130397293,50.399213083723616,0.01999999973458203,29.4,2.875220140013767,52.658159753855195,0.00017346845784837575,28.3,0.0063098907878888656,0.32606622637585564
2,0.0003194621183417297,28.3,0.04931329504811832,0.9171521370198212,0.019999999843729306,28.3,15.015282173442749,521.5709354254085,0.019999999999999997,21.7,16.04077761858944,2.6931421934681357,0.019999999999999997,29.4,3.4866885244086037,49.92177031427876,0.0005730624887500505,28.3,0.03754654030664959,1.264107093037142
3,0.00011124749318505349,28.3,0.007095831238613033,0.29580972777555425,0.019999999724158665,28.3,20.15345157099037,507.20226096071576,0.019999999999999997,21.7,12.461443108830787,10.849984111461534,0.0002670376291753106,29.4,0.015783155480854492,0.7054675011642972,0.003451858113723912,28.3,0.3190294131057588,7.475585251313102
4,0.00011627673129008415,28.3,2.640629829422148e-57,0.4197070729815987,2.4246511031732723e-05,28.3,2.968081706087305e-84,0.5815790765469175,0.0005473565281218517,21.7,0.29099358537525205,0.47991204044461616,0.00012799970253724288,29.4,0.0037963648859164058,0.3042397521625289,0.001417912690161075,28.3,0.10478455583265286,3.2855840405476364
