toy_id,PAr_star_696,tau_N2_696,K_Ar_Q_Ar_696,K_Ar_Q_N2_696,PAr_star_727,tau_N2_727,K_Ar_Q_Ar_727,K_Ar_Q_N2_727,PAr_star_750,tau_N2_750,K_Ar_Q_Ar_750,K_Ar_Q_N2_750,PAr_star_764,tau_N2_764,K_Ar_Q_Ar_764,K_Ar_Q_N2_764,PAr_star_772,tau_N2_772,K_Ar_Q_Ar_772,K_Ar_Q_N2_772
0,0.0007563519861113659,28.3,0.0456786058389086,21.40797493516401,0.019999999999997697,28.3,283.51283839386235,479.00768343168187,0.019999999999999997,21.7,13.357385916157535,7.660801431379671,0.0005353665187564691,29.4,0.05757398766769566,1.2761591583027407,0.0003917363531755944,28.3,0.015975722457937883,0.7630585138633644
1,0.00036759735843049833,28.3,0.01226808711189872,9.973890969669261,0.019999999999999997,28.3,314.7548512694181,252.08354359050347,0.019999999999999997,21.7,11.480640614007568,19.360752064069434,0.000949442506604518,29.4,0.11940025956483534,2.416784334647591,0.00047684165582419723,28.3,0.021570667171901176,1.006355423258113
2,0.00032900932707963134,28.3,0.0103365665111595,9.207952152415892,0.019999999999999997,28.3,311.3881677132393,269.43030422001374,0.019999999999999997,21.7,10.906603132057546,23.7095715099842,0.006170837066601479,29.4,0.9184582774429371,14.027112210017632,0.0002826111533988682,28.3,0.011568327996185075,0.5656985114379561
3,0.005437478909240738,28.3,0.3333300949856808,161.90697395565942,4.923524347096339e-06,28.3,0.0775296771146559,2.276548678654966e-18,0.019999999999999997,21.7,13.504214655912737,11.126605310858062,0.0014078895316169458,29.4,0.18898485491813447,3.3361418381407946,0.0005544939578901434,28.3,0.03266248855365909,1.1404732234502533
4,0.0007146541155986668,28.3,0.037443291843193456,19.588036500140632,5.084261446743835e-06,28.3,0.07827254716313727,3.325452727835618e-15,0.019999999999999997,21.7,13.08887924224757,10.2111999964455,0.019999999999999997,29.4,2.6898788169233554,51.55368591706159,0.000756177883337258,28.3,0.0428279926613048,1.6179441637864511
