toy_id,PAr_star_696,tau_N2_696,K_Ar_Q_Ar_696,K_Ar_Q_N2_696,PAr_star_727,tau_N2_727,K_Ar_Q_Ar_727,K_Ar_Q_N2_727,PAr_star_750,tau_N2_750,K_Ar_Q_Ar_750,K_Ar_Q_N2_750,PAr_star_764,tau_N2_764,K_Ar_Q_Ar_764,K_Ar_Q_N2_764,PAr_star_772,tau_N2_772,K_Ar_Q_Ar_772,K_Ar_Q_N2_772
0,0.0007698509013649247,28.3,0.0438803816372261,21.583667149933316,0.019999999999999997,28.3,290.33193209086,269.08446116008383,0.019999999999999997,21.7,11.71328789738052,13.333068988153698,0.0007849742792626185,29.4,0.08981456621525544,1.816890076519801,0.0004513463629593389,28.3,0.023417491081032017,0.9558505752121023
1,0.0008280184811716428,28.3,0.043880081611098576,21.60809002456895,0.019999999999999917,28.3,264.8691579932495,243.8468235978141,0.019999999999999997,21.7,11.450173856122413,13.037040454117784,0.0006483768289572323,29.4,0.09070132572274803,1.8274678194665048,0.00043929343224749344,28.3,0.02342599200980349,0.9563480238824039
2,0.000814272211235076,28.3,0.04400423352641894,21.63552657119725,0.01999984741178191,28.3,334.43101371505816,313.57403901555557,0.01996315924116483,21.7,13.221436089055693,15.029080052914967,0.0007237762814860619,29.4,0.09364124407171469,1.8814461966264924,0.0005772885995877677,28.3,0.023358554506012933,0.9522800341615791
3,0.0009107436317149477,28.3,0.04394673228345182,21.654761141659048,0.019999999999999993,28.3,270.5495300163134,249.44861246141184,0.019999999923359307,21.7,13.319417890699436,15.135443493567786,0.0006452723188043612,29.4,0.09072625798564105,1.8277652311632206,0.0004283311890170075,28.3,0.023431211024370124,0.9567060083198707
4,0.0007463038949970635,28.3,0.04388545834305314,21.571356870791032,0.01999966041692937,28.3,342.63992380712625,321.9720368749416,0.019999999999999997,21.7,11.179094464247404,12.732170313884806,0.0008510335292335377,29.4,0.08949479269817426,1.8130780262573973,0.00042257531606716236,28.3,0.02343562646363447,0.9569661971813077
