name,value
Nnorm,0.06516027174152729
P_N2,0.5844347502153872
tau_N2,37.80718336483932
K_N2_Q_N2,0.193676348048439
K_N2_Q_Ar,0.03477927899999999
K_ArMeta_Q_N2c,0.7890798096223426
K_ArMeta_Q_N2b,0.019593960000048767
K_ArMeta_Q_2Ar,0.015859999996241644
K_ArRes_Q_N2c,0.5002878070690172
K_ArRes_Q_N2b,0.3673867499999982
K_ArRes_Q_2Ar,0.00046200000000000055
P_Ar_dbleStar,2.2722287107861698e-15
frac_Ar_dbleStar,2.9663701752502547e-05
