toy_id,PAr_star_696,tau_N2_696,K_Ar_Q_Ar_696,K_Ar_Q_N2_696,PAr_star_727,tau_N2_727,K_Ar_Q_Ar_727,K_Ar_Q_N2_727,PAr_star_750,tau_N2_750,K_Ar_Q_Ar_750,K_Ar_Q_N2_750,PAr_star_764,tau_N2_764,K_Ar_Q_Ar_764,K_Ar_Q_N2_764,PAr_star_772,tau_N2_772,K_Ar_Q_Ar_772,K_Ar_Q_N2_772
0,0.00024126553509063717,28.3,0.023729220953615664,0.7462167514233852,9.441374398121473e-05,28.3,0.0553290106419929,2.7429550554668833,0.019999999999999997,21.7,11.744878070347733,14.480276904678153,0.0010229620479906428,29.4,0.13202912886972878,2.318291450585431,0.000655128041509777,28.3,0.03507239063648453,1.4111955223157495
1,0.0002173815559151192,28.3,0.02370135473176365,0.7456801248233801,8.989163165058166e-05,28.3,0.055206055771589525,2.7412534325217712,0.019999998429705068,21.7,14.620655274375869,18.016962736494154,0.0008044702991470239,29.4,0.13615728053808393,2.374803293824144,0.0007146324085704816,28.3,0.03495887439347265,1.4066310291372117
2,0.00026522379401650443,28.3,0.023751388658901567,0.7466317242917065,0.00012926130288787435,28.3,0.05602519636045326,2.752972730480718,0.01999998787663958,21.7,14.544788669555496,17.923224342956868,0.0010461516443208314,29.4,0.13171346104905463,2.3139749574947555,0.0006258073838055999,28.3,0.03513673063910194,1.4137833014528325
3,0.00022425655052317735,28.3,0.02370994958607149,0.7458451100968767,8.893195098110093e-05,28.3,0.05517794518040003,2.7408566024952643,0.019999999711625607,21.7,14.689015185529822,18.100967028493926,0.0008229776624413945,29.4,0.13570033847714613,2.36854488693288,0.0005738782903603405,28.3,0.03526754546799062,1.4190544259461337
4,0.00023686445898412015,28.3,0.023724564929738536,0.746128230965952,8.466627829580073e-05,28.3,0.05504770521946056,2.7390011140786963,0.01999999999999999,21.7,12.355795386671707,15.232093311306102,0.0008488336730442262,29.4,0.13510349197099372,2.3603628156001126,0.0005526541863026985,28.3,0.035329146165884895,1.421522631759147
