concentration,Ar_dbleStar,ErrAr_dbleStar
0.001,128.2202,0.1132340423000747
0.002,128.169,0.11321182464005311
0.005,127.5458,0.1129361876423069
0.01,126.4223,0.11243775552486124
0.02,124.5428,0.11159888923277231
0.05,119.1386,0.1091509044788549
0.1,110.1171,0.10493673594056091
0.2,94.3865,0.09715280816125263
0.5,55.809599999999996,0.07470573855985378
1.0,0.0,0.0
