,parameter,uncertainty
Nnorm,0.004287274764271182,4.3631855701056714e-05
PCF3dir vis$,0.0697523694,0.01
PAr**,0.225766725,0.01
KAr**QAr,0.389959971,0.01
KAr**QCF4,11.4938357,0.01
1/tauDiscKrelax,0.00567737517,0.01
tauUvKCF4QCF4,0.065,0.01
PCF4dir,0.236307283,0.01
KAr++QCF4,50.05,0.01
PAr++,0.518971635,0.01
PCF3dir uv$,0.0001,0.01
