,parameter,uncertainty
Nnorm,0.004456375810920047,0.000543744655414352
PCF3dir vis$,0.06975380964057687,0.008513187323795024
PAr**,0.15051438604467962,0.018721915404501396
KAr**QAr,0.3898991414264114,0.3687368575583162
KAr**QCF4,11.492081134798587,10.51091533566653
1/tauDiscKrelax,0.0056764089493592735,0.0026419954115412527
tauUvKCF4QCF4,0.065,
PCF4dir,0.23629690684546964,0.030438896475372935
KAr++QCF4,50.05,
PAr++,0.518905200343836,0.06284198379208127
PCF3dir uv$,0.0001,
