,parameter,uncertainty
Nnorm,0.0040462452508040194,7.829514875692244e-05
PCF3dir vis$,0.0697523694,0.01
PAr**,0.3010223,0.01
KAr**QAr,0.389959971,0.01
KAr**QCF4,11.4938357,0.01
1/tauDiscKrelax,0.00567737517,0.01
tauUvKCF4QCF4,0.065,0.01
PCF4dir,0.236307283,0.01
KAr++QCF4,50.05,0.01
PAr++,0.518971635,0.01
PCF3dir uv$,0.0001,0.01
