,parameter,uncertainty
Nnorm,0.004456467826883204,0.0005437054697418506
PCF3dir vis$,0.06975236941681019,0.008512222593907765
PAr**,0.15051114998490878,0.018719812811126807
KAr**QAr,0.3899599709121227,0.3688359057714257
KAr**QCF4,11.493835719059634,10.513754844316429
1/tauDiscKrelax,0.005677375173582426,0.002641818798708938
tauUvKCF4QCF4,0.065,
PCF4dir,0.23630728306648074,0.030437531233113987
KAr++QCF4,50.05,
PAr++,0.5189716350970451,0.06284410821212
PCF3dir uv$,0.0001,
