,parameter,uncertainty
Nnorm,0.004364145384539131,2.838672160668852e-05
PCF3dir vis$,0.0697523694,0.001
PAr**,0.19566449500000002,0.001
KAr**QAr,0.389959971,0.001
KAr**QCF4,11.4938357,0.001
1/tauDiscKrelax,0.00567737517,0.001
tauUvKCF4QCF4,0.065,0.001
PCF4dir,0.236307283,0.001
KAr++QCF4,50.05,0.001
PAr++,0.518971635,0.001
PCF3dir uv$,0.25,0.001
