id,tex_label,particle,energy_kev,electric_field_v_cm,concentration,pressure_bar,unit,value_arcf4_norm,stat_minus_arcf4_norm,stat_plus_arcf4_norm,syst_minus_arcf4_norm,syst_plus_arcf4_norm,total_minus_arcf4_norm,total_plus_arcf4_norm,value_arn2_norm,stat_minus_arn2_norm,stat_plus_arn2_norm,syst_minus_arn2_norm,syst_plus_arn2_norm,total_minus_arn2_norm,total_plus_arn2_norm,gaussian_ratio_name,hardcut_ratio_name,gaussian_over_hardcut_scale
N2_pure_xray_12keV,X-ray 12 keV,xray,12.0,0.0,1.0,1.0,ph/MeV,170.8392105132003,48.22107348000421,67.18459701595921,1.8340999888824037,1.8540042554384852,48.25594108846271,67.21017339641388,69.9908180857032,19.755607460943654,27.52474033203253,0.7514092244235636,0.7595637686612253,19.769892310618218,27.53521867471695,ArN2_mean_gaussian_over_ArCF4_95_5_VIS,ArN2_mean_hardcut_over_ArCF4_95_5_VIS,0.6790073800533353
N2_pure_electron_1p5MeV_0Vcm,"$e^-\,1.5\,\mathrm{MeV}$, 0.0 V/cm",electron,1500.0,0.0,1.0,1.0,ph/MeV,171.13828444137482,48.30549008333051,67.30221147508742,1.837310794450313,1.857249905742394,48.340418731597126,67.32783262997384,70.11334516153174,19.790191951875645,27.572925594586483,0.752724653754674,0.7608934734714229,19.804501808842694,27.58342228082973,ArN2_mean_gaussian_over_ArCF4_95_5_VIS,ArN2_mean_hardcut_over_ArCF4_95_5_VIS,0.6790073800533353
N2_pure_electron_1p5MeV_50Vcm,"$e^-\,1.5\,\mathrm{MeV}$, 50.0 V/cm",electron,1500.0,50.0,1.0,1.0,ph/MeV,169.98470801648097,47.979881615681236,66.8485535179897,1.8249261990069645,1.844730908526843,48.0145748235534,66.87400197066427,69.64073844870418,19.656793986865473,27.387067257656824,0.7476508304553493,0.7557645873445471,19.67100738666811,27.39749318983221,ArN2_mean_gaussian_over_ArCF4_95_5_VIS,ArN2_mean_hardcut_over_ArCF4_95_5_VIS,0.6790073800533353
