id,tex_label,particle,energy_kev,electric_field_v_cm,concentration,pressure_bar,unit,value_arcf4_norm,stat_minus_arcf4_norm,stat_plus_arcf4_norm,syst_minus_arcf4_norm,syst_plus_arcf4_norm,total_minus_arcf4_norm,total_plus_arcf4_norm,value_arn2_norm,stat_minus_arn2_norm,stat_plus_arn2_norm,syst_minus_arn2_norm,syst_plus_arn2_norm,total_minus_arn2_norm,total_plus_arn2_norm,gaussian_ratio_name,hardcut_ratio_name,gaussian_over_hardcut_scale
N2_pure_xray_12keV,X-ray 12 keV,xray,12.0,0.0,1.0,1.0,ph/MeV,170.84037903365189,48.221403306572654,67.18505655083652,1.8341125339143143,1.8540169366132941,48.256271153521574,67.21063310623067,69.9908180857032,19.755607460943654,27.52474033203253,0.7514092244235636,0.7595637686612253,19.769892310618218,27.53521867471695,ArN2_mean_gaussian_over_ArCF4_95_5_VIS,ArN2_mean_hardcut_over_ArCF4_95_5_VIS,0.6790073800533353
N2_pure_electron_1p5MeV_0Vcm,"$e^-\,1.5\,\mathrm{MeV}$, 0.0 V/cm",electron,1500.0,0.0,1.0,1.0,ph/MeV,171.1394550074575,48.30582048729875,67.30267181443406,1.8373233614437425,1.857262609117058,48.340749374473276,67.32829314456622,70.11334516153174,19.790191951875645,27.572925594586483,0.752724653754674,0.7608934734714229,19.804501808842694,27.58342228082973,ArN2_mean_gaussian_over_ArCF4_95_5_VIS,ArN2_mean_hardcut_over_ArCF4_95_5_VIS,0.6790073800533353
N2_pure_electron_1p5MeV_50Vcm,"$e^-\,1.5\,\mathrm{MeV}$, 50.0 V/cm",electron,1500.0,50.0,1.0,1.0,ph/MeV,169.98587069223424,47.9802097925252,66.8490107543683,1.8249386812912012,1.844743526273029,48.0149032376949,66.87445938110734,69.64073844870418,19.656793986865473,27.387067257656824,0.7476508304553493,0.7557645873445471,19.67100738666811,27.39749318983221,ArN2_mean_gaussian_over_ArCF4_95_5_VIS,ArN2_mean_hardcut_over_ArCF4_95_5_VIS,0.6790073800533353
