id,tex_label,particle,energy_kev,electric_field_v_cm,concentration,pressure_bar,unit,value_arcf4_norm,stat_minus_arcf4_norm,stat_plus_arcf4_norm,syst_minus_arcf4_norm,syst_plus_arcf4_norm,total_minus_arcf4_norm,total_plus_arcf4_norm,value_arn2_norm,stat_minus_arn2_norm,stat_plus_arn2_norm,syst_minus_arn2_norm,syst_plus_arn2_norm,total_minus_arn2_norm,total_plus_arn2_norm
N2_pure_xray_12keV,X-ray 12 keV,xray,12.0,0.0,1.0,1.0,ph/MeV,251.6031254626902,71.01749513059036,98.94598869537944,2.7011673036164154,2.730481274691982,71.0688463352653,98.9836562615142,103.07814044702357,29.09483466791167,40.53673220734433,1.1066289505786244,1.1186384580997668,29.115872509464204,40.552164061241996
N2_pure_electron_1p5MeV_0Vcm,"$e^-\,1.5\,\mathrm{MeV}$, 0.0 V/cm",electron,1500.0,0.0,1.0,1.0,ph/MeV,252.04358602702476,71.14181952411826,99.11920516850276,2.705896011468127,2.7352613000630015,71.1932606250556,99.15693867609754,103.25859073287897,29.145768563400807,40.60769647661364,1.1085662333972692,1.1205967649595436,29.166843234144338,40.623155345768225
N2_pure_electron_1p5MeV_50Vcm,"$e^-\,1.5\,\mathrm{MeV}$, 50.0 V/cm",electron,1500.0,50.0,1.0,1.0,ph/MeV,250.34465852032722,70.66228026675705,98.45108126677118,2.6876566218585936,2.716823970496648,70.713374623297,98.48856042750879,102.56256484757792,28.94930830548772,40.33397583323115,1.101093820801509,1.1130432592429003,28.9702409200957,40.34933050017832
