id,tex_label,particle,energy_kev,electric_field_v_cm,concentration,pressure_bar,unit,value_arcf4_norm,stat_minus_arcf4_norm,stat_plus_arcf4_norm,syst_minus_arcf4_norm,syst_plus_arcf4_norm,total_minus_arcf4_norm,total_plus_arcf4_norm,value_arn2_norm,stat_minus_arn2_norm,stat_plus_arn2_norm,syst_minus_arn2_norm,syst_plus_arn2_norm,total_minus_arn2_norm,total_plus_arn2_norm
N2_pure_xray_12keV,X-ray 12 keV,xray,12.0,0.0,1.0,1.0,ph/MeV,251.6031254626902,67.70631265330147,92.63412245638992,3.4662965780075297,3.51471829767209,67.79498495518172,92.70077609155942,103.07814044702357,27.738291374532267,37.950852427556526,1.4200912840086346,1.4399289581674566,27.77461912670214,37.97815945227918
N2_pure_electron_1p5MeV_0Vcm,"$e^-\,1.5\,\mathrm{MeV}$, 0.0 V/cm",electron,1500.0,0.0,1.0,1.0,ph/MeV,252.04358602702476,67.82484043639423,92.79628927279484,3.4723647337351906,3.5208712212575506,67.91366796946271,92.86305959291292,103.25859073287897,27.786850483049065,38.017289813207,1.4225773191371758,1.4424497214542527,27.823241831178617,38.04464464205569
N2_pure_electron_1p5MeV_50Vcm,"$e^-\,1.5\,\mathrm{MeV}$, 50.0 V/cm",electron,1500.0,50.0,1.0,1.0,ph/MeV,250.34465852032722,67.36765964131376,92.1707856809355,3.448958877421205,3.4971384016306217,67.455888422628,92.23710592836868,102.56256484757792,27.599550161885233,37.761030090784104,1.4129882802888716,1.4327267304929308,27.635696210131073,37.78820053140096
