id,label,tex_label,gas,channel,fit_name,component,concentration,pressure_bar,normalization_mode,normalization_reference,normalization_propagate_nnorm,unit,value,stat_minus,stat_plus,syst_minus,syst_plus,total_minus,total_plus,note
Ar3rd_UV_Ar,"$Y_{\mathrm{Ar3rd,UV}}(100\%\,\mathrm{Ar})$","$Y_{\mathrm{Ar3rd,UV}}(100\%\,\mathrm{Ar})$",ArCF4,uv,ArCF4_primary,uv,1e-05,1.0,own_norm,,False,ph/MeV,729.652720643226,0.0034144599793535235,0.003414475957583818,0.0003499516952842896,0.0003499518631997489,0.003432346593751746,0.003432362505836892,
CF4_UV_CF4,"$Y_{\mathrm{CF_4,UV}}(100\%\,\mathrm{CF_4})$","$Y_{\mathrm{CF_4,UV}}(100\%\,\mathrm{CF_4})$",ArCF4,uv,ArCF4_primary,uv,1.0,1.0,own_norm,,False,ph/MeV,4324.817394186917,758.7689452562363,920.21664304562,87.85621747140885,89.67797477020213,763.8383515074671,924.5760159646339,
CF4_VIS_CF4,"$Y_{\mathrm{CF_4,VIS}}(100\%\,\mathrm{CF_4})$","$Y_{\mathrm{CF_4,VIS}}(100\%\,\mathrm{CF_4})$",ArCF4,vis,ArCF4_primary,vis,1.0,1.0,own_norm,,False,ph/MeV,990.7006322535967,188.9406576003903,233.46591855509064,131.62076163040854,151.78655236137024,230.26636095321598,278.46991328422394,
N2_UV_N2,"$Y_{\mathrm{N_2,UV}}(100\%\,\mathrm{N_2})$","$Y_{\mathrm{N_2,UV}}(100\%\,\mathrm{N_2})$",ArN2,uv,ArN2_primary,uv,1.0,1.0,own_norm,,False,ph/MeV,103.07814044702359,29.094834667911698,40.53673220734437,1.1066289505786244,1.1186384580997668,29.115872509464236,40.55216406124204,
ArCF4_IR_Ar,"$Y_{\mathrm{ArCF_4,IR}}(100\%\,\mathrm{Ar})$","$Y_{\mathrm{ArCF_4,IR}}(100\%\,\mathrm{Ar})$",ArCF4,ir,ArCF4_IR_primary,total,1e-05,1.0,reference_norm,ArCF4_primary,False,ph/MeV,982.3069586544124,310.50108451879066,454.0111775369445,78.0952221808941,84.84017303860935,320.17149656836784,461.8701162553214,
ArN2_IR_Ar,"$Y_{\mathrm{ArN_2,IR}}(100\%\,\mathrm{Ar})$","$Y_{\mathrm{ArN_2,IR}}(100\%\,\mathrm{Ar})$",ArN2,ir,ArN2_IR_primary,total,1e-05,1.0,reference_norm,ArCF4_primary,False,ph/MeV,1267.1629280127054,232.15095664563887,284.22191636632783,92.63441942131772,99.94044528510562,249.95039974564935,301.28091600155,
ArCF4_VIS_95_5,"$Y_{\mathrm{ArCF_4,VIS}}(95/5)$","$Y_{\mathrm{ArCF_4,VIS}}(95/5)$",ArCF4,vis,ArCF4_primary,vis,0.05,1.0,own_norm,,False,ph/MeV,1346.1703579078662,224.4505142084165,269.36193626392264,199.1852658891503,233.7757504764461,300.0879928883428,356.6608391997573,Visible Ar--CF4 95/5 prediction at 1 bar.
