id,label,tex_label,gas,channel,fit_name,component,concentration,pressure_bar,normalization_mode,normalization_reference,normalization_propagate_nnorm,unit,value,stat_minus,stat_plus,syst_minus,syst_plus,total_minus,total_plus,note
Ar3rd_UV_Ar,"$Y_{\mathrm{Ar3rd,UV}}(100\%\,\mathrm{Ar})$","$Y_{\mathrm{Ar3rd,UV}}(100\%\,\mathrm{Ar})$",ArCF4,uv,ArCF4_primary,uv,1e-05,1.0,own_norm,,False,ph/MeV,729.6527205521786,0.0010052929577568648,0.0028716268903963282,0.000314526461238529,0.00035006717757823935,0.0010533474382817746,0.002892885761046378,
CF4_UV_CF4,"$Y_{\mathrm{CF_4,UV}}(100\%\,\mathrm{CF_4})$","$Y_{\mathrm{CF_4,UV}}(100\%\,\mathrm{CF_4})$",ArCF4,uv,ArCF4_primary,uv,1.0,1.0,own_norm,,False,ph/MeV,4324.786785306076,538.0209502248113,856.4955869713558,87.8312300905418,86.7574839648023,545.1429792816069,860.8783604698809,
CF4_VIS_CF4,"$Y_{\mathrm{CF_4,VIS}}(100\%\,\mathrm{CF_4})$","$Y_{\mathrm{CF_4,VIS}}(100\%\,\mathrm{CF_4})$",ArCF4,vis,ArCF4_primary,vis,1.0,1.0,own_norm,,False,ph/MeV,1000.7637487785217,122.59606004208933,216.8897562761432,132.3266658700819,127.96920749716094,180.38885896345116,251.82788655146243,
N2_UV_N2,"$Y_{\mathrm{N_2,UV}}(100\%\,\mathrm{N_2})$","$Y_{\mathrm{N_2,UV}}(100\%\,\mathrm{N_2})$",ArN2,uv,ArN2_primary,uv,1.0,1.0,own_norm,,False,ph/MeV,103.07814044702359,6.703137199011891,40.53680852975852,1.106628927385259,0.8767320931015803,6.793870464742674,40.54628842374326,
ArCF4_IR_Ar,"$Y_{\mathrm{ArCF_4,IR}}(100\%\,\mathrm{Ar})$","$Y_{\mathrm{ArCF_4,IR}}(100\%\,\mathrm{Ar})$",ArCF4,ir,ArCF4_IR_primary,total,1e-05,1.0,reference_norm,ArCF4_primary,False,ph/MeV,985.3406666476561,301.48910701655063,232.34598758603272,78.25611706725067,81.47185452688393,311.4798573071465,246.2160048156468,
ArN2_IR_Ar,"$Y_{\mathrm{ArN_2,IR}}(100\%\,\mathrm{Ar})$","$Y_{\mathrm{ArN_2,IR}}(100\%\,\mathrm{Ar})$",ArN2,ir,ArN2_IR_primary,total,1e-05,1.0,reference_norm,ArN2_primary,False,ph/MeV,436.9946951711756,54.5471898674067,28.38993591939294,37.501663041447216,17.86018026380941,66.19494431831758,33.540639537179445,
ArCF4_VIS_95_5,"$Y_{\mathrm{ArCF_4,VIS}}(95/5)$","$Y_{\mathrm{ArCF_4,VIS}}(95/5)$",ArCF4,vis,ArCF4_primary,vis,0.05,1.0,own_norm,,False,ph/MeV,1402.155404437912,173.0000880364944,274.25240396092227,202.65255257605872,191.16757220084423,266.4527866737878,334.30438486431774,Visible Ar--CF4 95/5 prediction at 1 bar.
