id,label,tex_label,gas,channel,fit_name,component,concentration,pressure_bar,normalization_mode,normalization_reference,normalization_propagate_nnorm,unit,value,stat_minus,stat_plus,syst_minus,syst_plus,total_minus,total_plus,note
Ar3rd_UV_Ar,"$Y_{\mathrm{Ar3rd,UV}}(100\%\,\mathrm{Ar})$","$Y_{\mathrm{Ar3rd,UV}}(100\%\,\mathrm{Ar})$",ArCF4,uv,ArCF4_primary,uv,1e-05,1.0,own_norm,,False,ph/MeV,729.6527205521786,0.0008299400453779526,0.005521188805005295,0.00025199418678312213,0.0005313913080726707,0.0008673531859020552,0.005546701951863917,
CF4_UV_CF4,"$Y_{\mathrm{CF_4,UV}}(100\%\,\mathrm{CF_4})$","$Y_{\mathrm{CF_4,UV}}(100\%\,\mathrm{CF_4})$",ArCF4,uv,ArCF4_primary,uv,1.0,1.0,own_norm,,False,ph/MeV,4324.786785306076,297.7819475399947,1283.9918183693526,69.6080586204771,126.32358173618195,305.80936889772346,1290.190930421577,
CF4_VIS_CF4,"$Y_{\mathrm{CF_4,VIS}}(100\%\,\mathrm{CF_4})$","$Y_{\mathrm{CF_4,VIS}}(100\%\,\mathrm{CF_4})$",ArCF4,vis,ArCF4_primary,vis,1.0,1.0,own_norm,,False,ph/MeV,1000.7637487785217,101.35067035351699,323.83184581906164,116.44537547734672,177.7810585414046,154.37449222966703,369.4227512521161,
N2_UV_N2,"$Y_{\mathrm{N_2,UV}}(100\%\,\mathrm{N_2})$","$Y_{\mathrm{N_2,UV}}(100\%\,\mathrm{N_2})$",ArN2,uv,ArN2_primary,uv,1.0,1.0,own_norm,,False,ph/MeV,103.07814044702359,17.342123913201334,38.47473454389585,1.419724574196863,1.3199875995251062,17.400140220337537,38.4973708905706,
ArCF4_IR_Ar,"$Y_{\mathrm{ArCF_4,IR}}(100\%\,\mathrm{Ar})$","$Y_{\mathrm{ArCF_4,IR}}(100\%\,\mathrm{Ar})$",ArCF4,ir,ArCF4_IR_primary,total,1e-05,1.0,reference_norm,ArCF4_primary,False,ph/MeV,780.5303917754879,23.50659147341878,106.40163330841813,24.807876467063352,97.9654553590342,34.17587712851391,144.63242380048118,
ArN2_IR_Ar,"$Y_{\mathrm{ArN_2,IR}}(100\%\,\mathrm{Ar})$","$Y_{\mathrm{ArN_2,IR}}(100\%\,\mathrm{Ar})$",ArN2,ir,ArN2_IR_primary,total,1e-05,1.0,reference_norm,ArN2_primary,False,ph/MeV,18401.652314005627,838.1158488701403,0.0,719.1825666644218,460.35906903004434,1104.3829681416412,460.35906903004434,
ArCF4_VIS_95_5,"$Y_{\mathrm{ArCF_4,VIS}}(95/5)$","$Y_{\mathrm{ArCF_4,VIS}}(95/5)$",ArCF4,vis,ArCF4_primary,vis,0.05,1.0,own_norm,,False,ph/MeV,1402.155404437912,108.77505245579164,445.75907059762926,172.18936405261843,266.61679532844255,203.66931317605358,519.4089569609586,Visible Ar--CF4 95/5 prediction at 1 bar.
