id,label,tex_label,gas,channel,fit_name,component,concentration,pressure_bar,normalization_mode,normalization_reference,normalization_propagate_nnorm,unit,value,stat_minus,stat_plus,syst_minus,syst_plus,total_minus,total_plus,note
Ar3rd_UV_Ar,"$Y_{\mathrm{Ar3rd,UV}}(100\%\,\mathrm{Ar})$","$Y_{\mathrm{Ar3rd,UV}}(100\%\,\mathrm{Ar})$",ArCF4,uv,ArCF4_primary,uv,1e-05,1.0,own_norm,,False,ph/MeV,729.652720643226,0.005517983944969274,0.0055180256749736145,0.0005313237093105272,0.000531324096186836,0.005543505362224714,0.005543546937192539,
CF4_UV_CF4,"$Y_{\mathrm{CF_4,UV}}(100\%\,\mathrm{CF_4})$","$Y_{\mathrm{CF_4,UV}}(100\%\,\mathrm{CF_4})$",ArCF4,uv,ArCF4_primary,uv,1.0,1.0,own_norm,,False,ph/MeV,4324.817394186917,987.4451835164532,1279.6055806493696,122.46041973849697,126.02902528384038,995.0098214853815,1285.7969346840912,
CF4_VIS_CF4,"$Y_{\mathrm{CF_4,VIS}}(100\%\,\mathrm{CF_4})$","$Y_{\mathrm{CF_4,VIS}}(100\%\,\mathrm{CF_4})$",ArCF4,vis,ArCF4_primary,vis,1.0,1.0,own_norm,,False,ph/MeV,990.7006322535967,242.53704206317866,321.16184757902124,149.83411308850327,176.53307295113336,285.08679067570716,366.4817296754924,
N2_UV_N2,"$Y_{\mathrm{N_2,UV}}(100\%\,\mathrm{N_2})$","$Y_{\mathrm{N_2,UV}}(100\%\,\mathrm{N_2})$",ArN2,uv,ArN2_primary,uv,1.0,1.0,own_norm,,False,ph/MeV,103.07814044702359,27.738291374532267,37.95085242755651,1.4200912840086062,1.4399289581674282,27.774619126702138,37.978159452279165,
ArCF4_IR_Ar,"$Y_{\mathrm{ArCF_4,IR}}(100\%\,\mathrm{Ar})$","$Y_{\mathrm{ArCF_4,IR}}(100\%\,\mathrm{Ar})$",ArCF4,ir,ArCF4_IR_primary,total,1e-05,1.0,reference_norm,ArCF4_primary,False,ph/MeV,982.3069586544124,309.38449597717727,451.6278771391511,142.68097279629308,166.92731621703695,340.70020010142133,481.4898423732725,
ArN2_IR_Ar,"$Y_{\mathrm{ArN_2,IR}}(100\%\,\mathrm{Ar})$","$Y_{\mathrm{ArN_2,IR}}(100\%\,\mathrm{Ar})$",ArN2,ir,ArN2_IR_primary,total,1e-05,1.0,reference_norm,ArCF4_primary,False,ph/MeV,1120.4436040893254,81.80109334249846,88.2435591599401,99.73529153044387,109.48061078989554,128.99049286164765,140.61625038430816,
ArCF4_VIS_95_5,"$Y_{\mathrm{ArCF_4,VIS}}(95/5)$","$Y_{\mathrm{ArCF_4,VIS}}(95/5)$",ArCF4,vis,ArCF4_primary,vis,0.05,1.0,own_norm,,False,ph/MeV,1346.1703579078662,312.6166791062835,407.1731497182009,217.73389626066637,259.74605307421734,380.96881451936673,482.9678932797444,Visible Ar--CF4 95/5 prediction at 1 bar.
