id,label,tex_label,gas,channel,fit_name,component,concentration,pressure_bar,normalization_mode,normalization_reference,normalization_propagate_nnorm,unit,value,stat_minus,stat_plus,syst_minus,syst_plus,total_minus,total_plus,note
Ar3rd_UV_Ar,"$Y_{\mathrm{Ar3rd,UV}}(100\%\,\mathrm{Ar})$","$Y_{\mathrm{Ar3rd,UV}}(100\%\,\mathrm{Ar})$",ArCF4,uv,ArCF4_primary,uv,1e-05,1.0,own_norm,,False,ph/MeV,729.6527205521786,0.0028716155825350143,0.002871626884143552,0.00035006700966278004,0.00035006717757823935,0.0028928745159636894,0.0028928857548395515,
CF4_UV_CF4,"$Y_{\mathrm{CF_4,UV}}(100\%\,\mathrm{CF_4})$","$Y_{\mathrm{CF_4,UV}}(100\%\,\mathrm{CF_4})$",ArCF4,uv,ArCF4_primary,uv,1.0,1.0,own_norm,,False,ph/MeV,4324.786785306076,714.9116032212401,856.495058227345,87.83123590654395,89.65195975198549,720.2866973790608,861.1743485817693,
CF4_VIS_CF4,"$Y_{\mathrm{CF_4,VIS}}(100\%\,\mathrm{CF_4})$","$Y_{\mathrm{CF_4,VIS}}(100\%\,\mathrm{CF_4})$",ArCF4,vis,ArCF4_primary,vis,1.0,1.0,own_norm,,False,ph/MeV,1000.7637487785217,178.25699874725092,216.88957848130087,132.32683863599402,152.48995240844135,222.00439145605614,265.13067502521295,
N2_UV_N2,"$Y_{\mathrm{N_2,UV}}(100\%\,\mathrm{N_2})$","$Y_{\mathrm{N_2,UV}}(100\%\,\mathrm{N_2})$",ArN2,uv,ArN2_primary,uv,1.0,1.0,own_norm,,False,ph/MeV,103.07814044702359,29.094834667911698,40.53673220734437,1.1066289505786244,1.1186384580997668,29.115872509464236,40.55216406124204,
ArCF4_IR_Ar,"$Y_{\mathrm{ArCF_4,IR}}(100\%\,\mathrm{Ar})$","$Y_{\mathrm{ArCF_4,IR}}(100\%\,\mathrm{Ar})$",ArCF4,ir,ArCF4_IR_primary,total,1e-05,1.0,reference_norm,ArCF4_primary,False,ph/MeV,985.3406666476561,301.4907480695832,434.409782936997,78.2565832205513,85.00798910369429,311.48156283945923,442.6490909544745,
ArN2_IR_Ar,"$Y_{\mathrm{ArN_2,IR}}(100\%\,\mathrm{Ar})$","$Y_{\mathrm{ArN_2,IR}}(100\%\,\mathrm{Ar})$",ArN2,ir,ArN2_IR_primary,total,1e-05,1.0,reference_norm,ArCF4_primary,False,ph/MeV,1059.3644826180166,230.44484630077557,294.50995570332816,71.23946093996904,76.37551223274863,241.20507453535353,304.2520877121323,
ArCF4_VIS_95_5,"$Y_{\mathrm{ArCF_4,VIS}}(95/5)$","$Y_{\mathrm{ArCF_4,VIS}}(95/5)$",ArCF4,vis,ArCF4_primary,vis,0.05,1.0,own_norm,,False,ph/MeV,1402.155404437912,229.3847600294414,274.2506239429299,202.65259547199048,236.89017636347558,306.0807778761983,362.39530955933316,Visible Ar--CF4 95/5 prediction at 1 bar.
