concentration,electric_field,gap_mm,pressure,ne,ni,Ar_dbleStar,ErrAr_dbleStar
67.0,50.7,0.05,1.0,,,0.0,0.0
67.0,88.0,0.05,1.0,1259.115,1285.616,414.3831183013466,0.5736781754231929
20.0,10.0,0.57,0.05,180212.52,180055.68,22.157256332689872,0.011088313880669238
20.0,29.0,0.57,1.0,15804.8,18574.8,132.5883275966795,0.09159212690436347
10.0,38.7,0.05,1.0,,,0.0,0.0
10.0,78.0,0.05,1.0,1230.757,1234.643,979.0137289489314,0.891883714180592
5.0,37.8,0.05,1.0,,,0.0,0.0
5.0,65.0,0.05,1.0,281.726,281.598,1178.840433612801,2.0455685936823307
100.0,10.0,0.57,0.025,34679.38,34468.1,0.0,0.0
100.0,12.3,0.57,0.05,901686.42,902162.22,0.0,0.0
100.0,43.0,0.57,1.0,5921.9,9414.9,0.0,0.0
100.0,55.9,0.05,1.0,,,0.0,0.0
100.0,95.0,0.05,1.0,1377.555,1415.164,0.0,0.0
