fCF4,Ar3rd all,Err Ar3rd all
0.001,22.468500000000002,0.0254240086
0.002,22.3778,0.025419038499999998
0.005,22.2501,0.025428972700000003
0.01,22.0433,0.02535356636
0.02,21.5216,0.025110217599999998
0.05,20.0045,0.024546442
0.1,17.917199999999998,0.02381159628
0.2,14.1827,0.02228205615
0.5,6.7588,0.01850649688
1.0,0.0,0.01
