concentration,electric_field,gap_mm,pressure,npe,ne,ni,ne_std,ni_std,n_entries,Ar_1s4_1s5,ErrAr_1s4_1s5
0.1,180.8,0.05,10.0,100.0,92.45,91.68,83.18087569151986,83.38942112495778,100,44272.0,210.40912527739854
0.2,181.7,0.05,10.0,100.0,103.7,103.25,88.93812399072684,89.43621111488265,100,49496.0,222.47696509976038
0.5,184.5,0.05,10.0,100.0,124.21,124.77,103.02978827857152,103.97142721328623,100,56913.0,238.56445669881336
1.0,182.3,0.05,10.0,100.0,71.34,72.24,60.010642153847776,61.370232642099815,100,34591.0,185.9865586541135
2.0,187.0,0.05,10.0,100.0,85.76,89.52,86.4081365416826,90.4788026963981,100,39149.0,197.86106236447839
5.0,202.0,0.05,10.0,100.0,105.93,116.66,105.61367134873012,116.73809242154948,100,41438.0,203.56325798139505
20.0,248.3,0.05,10.0,100.0,87.1,118.52,103.70027711991648,139.75429232128158,100,23049.0,151.81897114655993
50.0,314.6,0.05,10.0,100.0,79.9,142.02,120.85532715197166,209.41660088749583,100,11963.0,109.37549999885715
100.0,400.2,0.05,10.0,100.0,129.15,257.92,171.04730133191023,336.03753638334194,100,0.0,0.0
