concentration,electric_field,gap_mm,pressure,npe,ne,ni,ne_std,ni_std,n_entries,Ar_763,ErrAr_763
0.1,180.8,0.05,10.0,100.0,92.45,91.68,83.18087569151986,83.38942112495778,100,36312.0,190.55707806324068
0.2,181.7,0.05,10.0,100.0,103.7,103.25,88.93812399072684,89.43621111488265,100,41500.0,203.71548787463362
0.5,184.5,0.05,10.0,100.0,124.21,124.77,103.02978827857152,103.97142721328625,100,48158.0,219.44931077586003
1.0,182.3,0.05,10.0,100.0,71.34,72.24,60.010642153847776,61.370232642099815,100,29127.0,170.6663411455229
2.0,187.0,0.05,10.0,100.0,85.76,89.52,86.4081365416826,90.4788026963981,100,33714.0,183.61372497719228
5.0,202.0,0.05,10.0,100.0,105.93,116.66,105.61367134873012,116.73809242154947,100,38502.0,196.21926510921398
20.0,248.3,0.05,10.0,100.0,87.1,118.52,103.70027711991648,139.75429232128158,100,26502.0,162.79434879626504
50.0,314.6,0.05,10.0,100.0,79.9,142.02,120.85532715197166,209.41660088749586,100,17144.0,130.93509842666327
100.0,400.2,0.05,10.0,100.0,129.15,257.92,171.04730133191023,336.03753638334194,100,0.0,0.0
