device,concentration_percent,yield_ph_per_e,stat_minus,stat_plus,syst_minus,syst_plus,ocw_minus,ocw_plus,total_minus,total_plus
"GEM, 1 bar",100.0,0.16116092532562323,0.0,0.0,0.0,0.0,0.06043534699710876,0.04029023133140572,0.0,0.04029023133140572
"TH-GEM, 1 bar",100.0,0.5582024651627604,0.0,0.0,0.0,0.0,0.2093259244360352,0.13955061629069,0.0,0.13955061629069
