device,concentration_percent,yield_ph_per_e,stat_minus,stat_plus,syst_minus,syst_plus,ocw_minus,ocw_plus,total_minus,total_plus
"GEM, 1 bar",100.0,0.14792976240183872,0.0,0.0,0.0,0.0,0.05547366090068952,0.03698244060045969,0.0,0.03698244060045969
"TH-GEM, 1 bar",100.0,0.5123745590117875,0.0,0.0,0.0,0.0,0.19214045962942033,0.12809363975294685,0.0,0.12809363975294685
