concentration,electric_field,gap_mm,pressure,ne,ni,CF3,ErrCF3
100.0,19.3,0.57,0.3,80643.5,88119.96,97.52528102078902,0.03477554308747403
100.0,43.0,0.57,1.0,6687.98,10576.22,193.50416717753345,0.17009740113597666
100.0,95.0,0.05,1.0,1389.456,1427.871,1369.5899690238482,0.992825410500646
0.0,18.7,0.57,1.0,,,0.0,0.0
40.0,75.0,0.05,1.0,681.362,685.807,892.7838652581154,1.1446803086835424
20.0,12.1,0.57,0.3,37497.56,37974.56,48.16297380416219,0.03583893890253778
20.0,18.7,0.57,1.0,4635.74,5252.04,104.36952892094898,0.15004700341197771
20.0,60.0,0.05,1.0,140.58,140.059,674.6621140987338,2.190692351373486
