pressure_bar,concentration_percent,ArCF4_visible_range_nm,ArN2_uv_range_nm,ArCF4_visible_integral_ph_MeV,ArN2_uv_integral_ph_MeV,ratio_ArN2_UV_over_ArCF4_VIS,ratio_ArCF4_VIS_over_ArN2_UV
1.0,5.0,500-750,330-420,6271.678641972015,7599.566647374066,1.2117276858727126,0.8252679307890686
2.0,5.0,500-750,330-420,6584.709039337867,4179.481944703456,0.6347253796234145,1.5754845041698264
3.0,5.0,500-750,330-420,6618.886958812665,2875.19551057895,0.43439259931018964,2.3020650020004676
4.0,5.0,500-750,330-420,6840.071312053289,1993.3470136593137,0.29142196370770584,3.4314503521875683
5.0,5.0,500-750,330-420,6811.539105272297,1447.1644444571434,0.21245777526800116,4.706817619353151
