concentration,Ar_dbleStar,ErrAr_dbleStar
0.001,159.6524,0.1263530800498697
0.005,158.0482,0.1257178857593667
0.01,156.3251,0.1250293801216641
0.05,144.5412,0.12022430175562475
0.1,132.8944,0.11527930740179321
0.2,113.3274,0.10645497515919701
0.5,65.4739,0.08091613469059668
1.0,0.0,0.0
