concentration,N2_star,ErrN2_star
0.001,0.2584,0.005083303695816441
0.005,1.2445,0.011155721619341308
0.01,2.464,0.01569711547439708
0.05,11.2677,0.03356734553605825
0.1,21.124800000000004,0.0459618735296217
0.2,39.2248,0.0626295025657979
0.5,87.6732,0.09363401452769754
1.0,160.1823,0.1265627558328954
