concentration,N2_star,ErrN2_star
0.001,0.0795,0.00281957085
0.005,0.3789,0.00615549573
0.01,0.7383,0.00859240923
0.05,2.8729,0.01694953542
0.1,4.7526,0.02180065146
0.2,7.3238,0.027062173380000002
0.5,12.1415,0.034844890850000004
1.0,17.5609,0.04190557567
