concentration,Ar_dbleStar,ErrAr_dbleStar
0.001,255.04970000000003,0.1597036124905136
0.002,254.0437,0.1593863335543695
0.005,251.16630000000004,0.1584819027139538
0.01,246.62300000000002,0.15704107163575012
0.02,239.6558,0.15480794115914828
0.05,223.65489999999997,0.14955110288365547
0.1,202.27459999999996,0.14222384056351234
0.2,169.06660000000002,0.13002548020917112
0.5,97.05739999999999,0.0985177631267857
1.0,0.0,0.0
