concentration,Ar_meta,ErrAr_meta,Ar_res,ErrAr_res,Ar_dbleStar,ErrAr_dbleStar,Ar_2nd_precursor,ErrAr_2nd_precursor
0.001,18.9637,0.04354824068,25.2716,0.05027026672,159.6524,0.1263530800498697,203.8877,0.14278882946684562
0.005,18.3229,0.042805958979999996,24.676,0.049675255599999996,158.0482,0.1257178857593667,201.0471,0.1417919882889296
0.01,17.5428,0.041883435,23.8485,0.04883457345,156.3251,0.1250293801216641,197.7164,0.1406107520250505
0.02,16.1822,0.04022733098,22.5557,0.04749328192,153.02009999999999,0.12370117481822902,191.75799999999998,0.1384768234641347
0.05,13.4125,0.03662283125,19.8288,0.04452953616,144.5412,0.12022430175562478,177.7825,0.13333414450926756
0.1,10.5074,0.032415329,16.9026,0.04111219398,132.8944,0.11527930740179321,160.3044,0.12661076085019204
0.2,7.3425,0.027096762,13.3262,0.03650445966,113.3274,0.10645497515919701,133.9961,0.11575608762435981
0.5,3.2226,0.0179514933,7.0123,0.026480548490000002,65.4739,0.08091613469059666,75.7088,0.08701089824440365
1.0,0.0,0.0,0.0,0.0,0.0,0.0,0.0,0.0
