pressure_mbar,arcf4_degrad_value,arn2_degrad_value,value_mean,population_half_spread,population_half_spread_percent,stat_minus,stat_plus,syst_minus,syst_plus,total_minus,total_plus
0.1,16410.000914398755,16601.29241791286,16505.646666155808,95.6457517570525,0.579472914279514,3627.322778205482,559.0429169786985,133.82126897084345,202.7224896230473,3629.790444270482,594.6640991543196
1.0,15858.461997675766,16043.431108618057,15950.94655314691,92.48455547114554,0.5798060645679962,3494.735388565323,568.1152372281067,115.92125637983008,195.0315637637541,3496.6574287126696,600.6598318806438
10.0,12252.566956634086,12396.029615042395,12324.29828583824,71.73132920415446,0.5820317517515817,2742.1731195421235,607.1838962878574,237.7360859601249,256.55458768735116,2752.4592393179996,659.160481502593
50.0,6998.894342933899,7081.223477173789,7040.058910053844,41.16456711994533,0.5847190718980858,1044.9749561164626,536.407329539983,213.005413807693,296.0361311943052,1066.4632976441287,612.6746397205517
100.0,4927.373894829687,4985.382365320686,4956.378130075187,29.004235245499785,0.5851901223900324,590.1853196236898,532.4950160419558,140.67377564455364,263.4652541699734,606.7188992057286,594.1084768494483
1000.0,1232.236900892074,1246.7083730816837,1239.4726369868788,7.235736094804906,0.583775379857902,87.50819804753814,75.83587217051786,59.557216378415205,79.84676854370446,105.85247634454532,110.12077894173758
