N2 concentration (%),1.0bar,Err 1.0bar,2.0bar,Err 2.0bar,3.0bar,Err 3.0bar,4.0bar,Err 4.0bar,5.0bar,Err 5.0bar
0.1,0.029167663800152153,0.016369380792130767,0.023709453330912907,0.013306141781054883,0.015316141622458356,0.00859567486110823,0.011220508099437806,0.006297136823139287,0.008184782097026947,0.0045934366140818516
0.5,0.02338740118285836,0.004387325572419223,0.01645292825218793,0.003086463190057639,0.011371605105549593,0.0021332397511356653,0.008591946386488327,0.0016117937090814503,0.007901424856964647,0.0014822563252097547
1.0,0.020861282885090832,0.003117552641054262,0.01388006429755697,0.0020742651037907777,0.009968215466193243,0.0014896704399439613,0.008131460745342411,0.00121518207014913,0.005784595020182468,0.0008644616719850719
5.0,0.008023772303389656,0.0008713711110188145,0.005103331103472114,0.0005542150406799019,0.0032288030587162555,0.0003506437623293433,0.0023089367132121197,0.00025074748796321487,0.0019634506999626627,0.0002132281616633568
10.0,0.004873567958789814,0.0005286555357481278,0.0029203728397980844,0.00031678459831944273,0.0029577628077259934,0.00032084043865934894,0.0016094087109651282,0.00017457904178774328,0.0012491973040280086,0.00013550546039375032
20.0,0.002012950567947362,0.00021835285153117234,0.0013031715999856654,0.00014136026955767313,0.0009124381660987837,9.897584102957105e-05,0.0007498523331498999,8.133950121663634e-05,3.2205316862408274e-05,3.4934403672627503e-06
50.0,0.0003691287017343403,4.004087625851748e-05,0.000811463650368923,8.80227288207218e-05,0.0012147453941438444,0.00013176832303743005,0.00012457153938641406,1.3512776358133868e-05,-9.331462780112445e-05,-1.0122213329223863e-05
100.0,0.003153234193135797,0.0002949546394315329,0.0012216063266668165,0.0,0.00023406500199743901,2.1894522905397927e-05,0.0012556804093450005,0.00011745678871104516,-0.0002247831839592684,-2.1026298369879003e-05
