N2 concentration (%),1.0bar,Err 1.0bar,2.0bar,Err 2.0bar,3.0bar,Err 3.0bar,4.0bar,Err 4.0bar,5.0bar,Err 5.0bar
0.1,0.007770148135987063,0.004360737099848697,0.006355233040143505,0.003566663081747988,0.003984027638319778,0.002235902948719866,0.003780118049218518,0.0021214654766605495,0.0022273063065136505,0.001250001553838744
0.5,0.006419124699083225,0.0012041863790097985,0.0037191062131625586,0.0006976803308745008,0.0024463740715611245,0.00045892399244983946,0.002237276768099804,0.0004196986873624089,0.0023693720440595223,0.00044447890888777526
1.0,0.004747190875480136,0.0007094298818036164,0.003345754706918937,0.0004999964038802902,0.002618666226391377,0.00039133881914618835,0.0024059947550723994,0.0003595567609314839,0.001527599773921529,0.000228287624298817
5.0,0.0019125368591495556,0.00020769898556537478,0.0008241665374301569,8.950340117224656e-05,0.0015688959136659865,0.00017038003119635873,7.859778394199963e-05,8.535615883345064e-06,0.001072097287887468,0.00011642835433803483
10.0,0.0009071116170025126,9.839804880629874e-05,0.000349021681664856,3.7859786847840395e-05,0.0010009340014403127,0.00010857534054195116,0.0011304539946789594,0.00012262489561015898,0.0004808548985556743,5.216026659781826e-05
20.0,0.00013544849192905504,1.4692643187192035e-05,0.0005576939372754292,6.049530645450061e-05,0.00010881835343338803,1.1803964861062871e-05,0.00028788119610458464,3.122763224918121e-05,0.00019940913144344397,2.1630711238195168e-05
50.0,0.00027175226788190687,2.9478062475515814e-05,-0.00024342078442165968,-2.6404832412066495e-05,0.0011090192238770084,0.00012029977973247713,0.00043921074154709455,4.764295724247346e-05,0.0006382945966557181,6.923838444718336e-05
100.0,-0.003499497564120256,-0.00032734423737493874,9.600112011316122e-05,0.0,0.0015937332384529873,0.0001490783696692286,0.0011871054463326214,0.00011104226246577685,0.0005433098740420922,5.082139739145455e-05
