N2 concentration (%),1.0bar,Err 1.0bar,2.0bar,Err 2.0bar,3.0bar,Err 3.0bar,4.0bar,Err 4.0bar,5.0bar,Err 5.0bar
0.1,0.01931807671804918,0.010841627774374347,0.01133326591873551,0.0063604183973517804,0.00636600203622973,0.003572706822477181,0.004518511658638548,0.0025358643208699813,0.0029441384027320753,0.0016522997161948084
0.5,0.018175036975350535,0.0034095196759212857,0.008998552521888328,0.0016880703967644959,0.005536240053836797,0.0010385629157057617,0.004843030513855525,0.0009085212784145722,0.002640121412904018,0.0004952697436778527
1.0,0.0171997788780116,0.002570370018088219,0.00830681958997535,0.0012413880533683286,0.008365288954068368,0.0012501258343309376,0.004998490793819316,0.0007469846538869258,0.004690688111918709,0.0007009859936334558
5.0,0.012309410586897438,0.0013367857877223579,0.006212033442531831,0.0006746186553945789,0.0023619653014685296,0.0002565063228500457,0.002953534388515526,0.00032074994706240815,0.0032756964219411624,0.00035573631985311974
10.0,0.011767880715796906,0.0012765093945616157,0.003956210477802558,0.00042914607682918504,0.0027300217997342406,0.00029613645471786,0.0030142908745623156,0.0003269722656310575,0.0014852756701407158,0.0001611138311338696
20.0,0.0067307006562053896,0.0007301061955951672,0.00481355096713801,0.0005221452510565086,0.00375182384250351,0.0004069754357101052,0.00274604144661219,0.0002978741703041347,2.8560479102545625e-05,3.0980701426247697e-06
50.0,0.0020694602686409736,0.00022448268625344545,0.002182594509189727,0.0002367548127641447,0.00319169201518736,0.0003462156815088059,0.0010282725189057708,0.00011154085958661636,0.0007997320543833264,8.675015537691448e-05
100.0,0.0036518576107716387,0.0003415960499176473,0.002048883950188038,0.0,-0.004140464811434137,-0.0003873005399326239,0.00044710481166407144,4.182234189885314e-05,-0.0007000165326442468,-6.547979355027364e-05
