N2 concentration (%),1.0bar,Err 1.0bar,2.0bar,Err 2.0bar,3.0bar,Err 3.0bar,4.0bar,Err 4.0bar,5.0bar,Err 5.0bar
0.1,0.04190241267233203,0.02352047185403423,0.026580726699499527,0.014918607655878512,0.017022315952398847,0.00955352523340294,0.010836154801023162,0.006082449623489217,0.008476538146933032,0.004757290195677858
0.5,0.03573318965377416,0.0067046730357973455,0.01926901565121305,0.003620356481085288,0.014715074625459717,0.002761128327761215,0.010844336111120649,0.002043875249752321,0.00869006693535019,0.0016325888114275809
1.0,0.0328979516344905,0.0049190008299616166,0.01691150813637049,0.002530583073551756,0.012324935112095361,0.001842893171356288,0.010327479223364983,0.0015485572990530448,0.008233494873646375,0.001238767337327422
5.0,0.014707310714639148,0.0015988011280876394,0.008234885061559945,0.0008945535895014571,0.005685560501303503,0.0006178258444756239,0.00440709103446307,0.0004917996046518217,0.0023987656114258494,0.00026709885354902466
10.0,0.01090257201968543,0.001183018902779157,0.0035270073935823668,0.0003829974044464619,0.004583959459573356,0.0004973141326003622,0.0031669540365950304,0.00034384024569282675,0.0025235912061579,0.0002819210756007858
20.0,0.003449882409978007,0.00037542494641743543,0.0007632546126357143,9.154027704861599e-05,0.001729681409165823,0.00018995663845507334,0.0008793870496566213,0.00015581676421048819,0.002823153964572423,0.0003170058812146503
50.0,0.001062206932906627,0.00012768425984801009,0.00163016349179131,0.00017734928802940462,0.0024588608190905217,0.0002668993472265839,0.0001826248942101545,3.481987128690219e-05,0.001123509290479167,0.00012411884842773835
100.0,-0.002361979582729379,0.00039515678193446257,0.0013388440436168363,0.00032182001716885326,0.00015147755016127506,9.161553175997755e-05,-0.001420788440038903,0.00013293327102509108,-4.2236756856075256e-05,5.69386349488188e-05
