N2 concentration (%),1.0bar,Err 1.0bar,2.0bar,Err 2.0bar,3.0bar,Err 3.0bar,4.0bar,Err 4.0bar,5.0bar,Err 5.0bar
0.1,0.04190241267233203,0.000441124441037076,0.026580726699499527,0.00017777369742113733,0.017022315952398847,7.780115324523135e-05,0.010836154801023162,0.00011129457674917409,0.008476538146933032,3.310781093310462e-05
0.5,0.03573318965377416,0.00013489735635890607,0.01926901565121305,0.00020152907475504307,0.014715074625459717,6.106173592153926e-05,0.010844336111120649,0.00019732638361634816,0.00869006693535019,8.827562712152969e-05
1.0,0.0328979516344905,0.00016186444167777883,0.01691150813637049,0.00012905301367335635,0.012324935112095361,6.159832154627523e-05,0.010327479223364983,0.00012677150096039504,0.008233494873646375,0.0001434778572736604
5.0,0.014707310714639148,7.165545003909746e-05,0.008234885061559945,2.13959433497243e-05,0.005685560501303503,2.1707214065129054e-05,0.00440709103446307,0.00011315824735014073,0.0023987656114258494,5.899232978117492e-05
10.0,0.01090257201968543,2.9706131684191332e-05,0.0035270073935823668,1.768914191196242e-05,0.004583959459573356,8.555458226451075e-06,0.0031669540365950304,1.4550101121018353e-05,0.0025235912061579,6.74066918576854e-05
20.0,0.003449882409978007,3.002184757793457e-05,0.0007632546126357143,3.9049862058971175e-05,0.001729681409165823,2.9668066421537705e-05,0.0008793870496566213,0.00012320506181701856,0.002823153964572423,8.191751841644924e-05
50.0,0.001062206932906627,5.501993012964194e-05,0.00163016349179131,1.3556580251864315e-05,0.0024588608190905217,9.713532512159104e-06,0.0001826248942101545,2.8635381260652768e-05,0.001123509290479167,2.351186080595249e-05
100.0,-0.002361979582729379,0.00032761901690971855,0.0013388440436168363,0.00032182001716885326,0.00015147755016127506,9.051319037168588e-05,-0.001420788440038903,2.9265807133124983e-06,-4.2236756856075256e-05,5.680139966659168e-05
