N2 concentration (%),1.0bar,Err 1.0bar,2.0bar,Err 2.0bar,3.0bar,Err 3.0bar,4.0bar,Err 4.0bar,5.0bar,Err 5.0bar
0.1,0.06051945148924209,0.03396452844307406,0.04911159841214594,0.027562250484882096,0.028915482317237572,0.016227852325852592,0.02239656232992241,0.012569325391472696,0.019936037836597087,0.01118843789031476
0.5,0.05049318108924607,0.009472195003351332,0.0323806358527295,0.006074398374454706,0.02118947939967615,0.003975009626319135,0.017597852792869368,0.0033012436471314115,0.014218136646430582,0.002667230703117048
1.0,0.046305496637576465,0.006919987813452116,0.02663012547798361,0.003979660238193099,0.018230951061941444,0.002724470491347689,0.017130579794889113,0.002560028766040809,0.010926152478866092,0.0016328264999174449
5.0,0.01646116753783843,0.0017876611279277652,0.010486608381117356,0.0011388318674014708,0.007888954285038226,0.0008567300516773608,0.0064080658909826775,0.0006959075212725638,0.005245117641009169,0.0005696128720327409
10.0,0.0105055555498632,0.0011395799021388328,0.004364914129640697,0.0004734798072401917,0.003243713684550919,0.00035185868140548394,0.0036701322684552303,0.0003981140218117495,0.003430068603799241,0.0003720733496952402
20.0,0.0016957392046022814,0.0001839436579685511,0.001989981316622562,0.00021586128437390203,0.0015377091882901486,0.0001668015059263087,0.002039246776176917,0.00022120530709705138,0.0028744298903976002,0.0003118009816479327
50.0,0.0008125925815617155,8.814518853188107e-05,1.8026197615353599e-06,1.9553742224234312e-07,0.0029184273291377894,0.0003165735609461838,0.0017336120523564328,0.00018805187822711292,-0.00039961748032936104,-4.33481168097417e-05
100.0,0.003765384350076915,0.0003522153811841034,0.0017390783334049773,0.0,0.0036289555142147473,0.00033945377972190063,0.005131673319675546,0.00048001853366307616,0.0052932001550457,0.0004951278108581647
