N2 concentration (%),1.0bar,Err 1.0bar,2.0bar,Err 2.0bar,2.5bar,Err 2.5bar,3.0bar,Err 3.0bar,4.0bar,Err 4.0bar,5.0bar,Err 5.0bar
0.1,0.12687819069581802,0.05327112003624568,0.06603940433629595,0.027678065295697,0.0,0.0,0.03265217690728446,0.013689519154938455,0.023262271186720015,0.00974842438882535,0.01760186391157592,0.007376579774154318
0.5,0.252365897805199,0.05633794265690971,0.11537092107902172,0.025736420871266555,0.0,0.0,0.07224315611257578,0.016124482203361247,0.05725558574902896,0.012774806714959414,0.03332791599145002,0.007404784517312786
1.0,0.2600186999997649,0.05601415366144296,0.12486453248688509,0.026973704503720986,0.0,0.0,0.07888667207882963,0.016984382054219604,0.05958868430847106,0.012843907202574173,0.05366629237783631,0.011541739120548148
5.0,0.2321749877152358,0.04940420994848047,0.12893682088770667,0.02738122802985445,0.0,0.0,0.08665655897450292,0.018442909026998747,0.06594505602715303,0.014021762928753484,0.05135284019014266,0.010892245161909193
10.0,0.2255386396308693,0.028464350538051738,0.13042915021779264,0.016439694736178123,0.0,0.0,0.09374934460765674,0.011855588037602758,0.07321776307834901,0.009175289942729682,0.04571381609144827,0.00573860290712057
20.0,0.1479721742771461,0.018614899820073083,0.08652741589830593,0.0108845036230375,0.0,0.0,0.0631113139450176,0.007933462691285824,0.0497572517274702,0.006198068186801551,0.03401457189899186,0.004281061917166216
50.0,0.07898442901923614,0.009891880262201981,0.04560439688473169,0.005727223466742062,0.0,0.0,0.03600540841920737,0.004425114632711216,0.02603610811230294,0.0032659289050705823,0.020603652108760653,0.0025598786284336057
100.0,0.043474019382915785,0.007232402113870729,0.025598853283144474,0.002270293371839635,0.0,0.0,0.015770101923242047,0.0025936973327392813,0.013800623833785046,0.0023225541046474844,0.009988658702302162,0.0016638928374912325
